Name,Location,Price,BHK,Size,Amenities,Virtual Tour
TVH Ouranya Bay,Karapakkam,48 Lakhs,1 BHK,1848 sq. ft.,"Playground, Parking, Garden",https://virtualtour2.com
Adroit District S,Thoraipakkam,65 Lakhs,1 BHK,2165 sq. ft.,"Yoga Deck, Multipurpose Hall, 24/7 Power Backup",https://virtualtour6.com
Baashyaam Pinnacle Crest,Kelambakkam,81 Lakhs,4 BHK,1094 sq. ft.,"Gym, Swimming Pool, Clubhouse, Security",https://virtualtour10.com
Purva Skycondos,Perungudi,86 Lakhs,4 BHK,1842 sq. ft.,"Yoga Deck, Multipurpose Hall, 24/7 Power Backup",https://virtualtour2.com
Casagrand Supremus,Padur,112 Lakhs,2 BHK,1460 sq. ft.,"Gym, Swimming Pool, Clubhouse, Security",https://virtualtour9.com
Hiranandani Anchorage,Siruseri,101 Lakhs,3 BHK,952 sq. ft.,"Gym, Swimming Pool, Clubhouse, Security",https://virtualtour5.com
Lancor TCP Altura,Navalur,103 Lakhs,2 BHK,2024 sq. ft.,"Yoga Deck, Multipurpose Hall, 24/7 Power Backup",https://virtualtour6.com
Sobha Winchester,Sholinganallur,104 Lakhs,2 BHK,858 sq. ft.,"Playground, Parking, Garden",https://virtualtour4.com
Olympia Opaline,Thoraipakkam,119 Lakhs,3 BHK,2084 sq. ft.,"Indoor Games, Children's Play Area, Library",https://virtualtour5.com
Casagrand Supremus,Uthandi,89 Lakhs,1 BHK,1106 sq. ft.,"Sports Arena, Jogging Track, CCTV Surveillance",https://virtualtour3.com
L&T Eden Park,Karapakkam,53 Lakhs,4 BHK,2147 sq. ft.,"Playground, Parking, Garden",https://virtualtour8.com
Mantri Synergy,Navalur,111 Lakhs,2 BHK,2495 sq. ft.,"Indoor Games, Children's Play Area, Library",https://virtualtour1.com
Akshaya Abov,Navalur,116 Lakhs,4 BHK,1269 sq. ft.,"Playground, Parking, Garden",https://virtualtour6.com
Nova Meridian,Karapakkam,51 Lakhs,2 BHK,1514 sq. ft.,"Sports Arena, Jogging Track, CCTV Surveillance",https://virtualtour8.com
Adroit District S,Kelambakkam,100 Lakhs,4 BHK,1011 sq. ft.,"Sports Arena, Jogging Track, CCTV Surveillance",https://virtualtour4.com
Hiranandani Anchorage,Kelambakkam,107 Lakhs,3 BHK,1009 sq. ft.,"Sports Arena, Jogging Track, CCTV Surveillance",https://virtualtour4.com
Casagrand Supremus,Kelambakkam,80 Lakhs,4 BHK,1326 sq. ft.,"Indoor Games, Children's Play Area, Library",https://virtualtour5.com
Casa Grande Elita,Padur,53 Lakhs,3 BHK,2040 sq. ft.,"Yoga Deck, Multipurpose Hall, 24/7 Power Backup",https://virtualtour7.com
XS Real Siena,Perungudi,61 Lakhs,4 BHK,2043 sq. ft.,"Indoor Games, Children's Play Area, Library",https://virtualtour2.com
Purva Skycondos,Siruseri,77 Lakhs,4 BHK,2382 sq. ft.,"Playground, Parking, Garden",https://virtualtour10.com
Baashyaam Pinnacle Crest,Uthandi,83 Lakhs,4 BHK,2025 sq. ft.,"Yoga Deck, Multipurpose Hall, 24/7 Power Backup",https://virtualtour5.com
Olympia Opaline,Padur,113 Lakhs,4 BHK,878 sq. ft.,"Indoor Games, Children's Play Area, Library",https://virtualtour5.com
DLF Gardencity,Perungudi,76 Lakhs,4 BHK,2322 sq. ft.,"Sports Arena, Jogging Track, CCTV Surveillance",https://virtualtour8.com
Hiranandani Anchorage,Karapakkam,55 Lakhs,1 BHK,1365 sq. ft.,"Playground, Parking, Garden",https://virtualtour5.com
Adroit District S,Perungudi,94 Lakhs,3 BHK,2068 sq. ft.,"Playground, Parking, Garden",https://virtualtour8.com
DLF Gardencity,Siruseri,67 Lakhs,2 BHK,2458 sq. ft.,"Indoor Games, Children's Play Area, Library",https://virtualtour5.com
The Metrozone,Uthandi,63 Lakhs,2 BHK,1783 sq. ft.,"Sports Arena, Jogging Track, CCTV Surveillance",https://virtualtour10.com
Adroit District S,Sholinganallur,72 Lakhs,3 BHK,1481 sq. ft.,"Playground, Parking, Garden",https://virtualtour10.com
Prestige Courtyards,Uthandi,88 Lakhs,4 BHK,2025 sq. ft.,"Sports Arena, Jogging Track, CCTV Surveillance",https://virtualtour3.com
Adroit District S,Uthandi,85 Lakhs,2 BHK,1636 sq. ft.,"Gym, Swimming Pool, Clubhouse, Security",https://virtualtour6.com
Olympia Opaline,Kelambakkam,74 Lakhs,1 BHK,1290 sq. ft.,"Indoor Games, Children's Play Area, Library",https://virtualtour6.com
Radiance Ivy Terrace,Sholinganallur,76 Lakhs,3 BHK,1128 sq. ft.,"Sports Arena, Jogging Track, CCTV Surveillance",https://virtualtour2.com
Casa Grande Elita,Karapakkam,87 Lakhs,2 BHK,2340 sq. ft.,"Indoor Games, Children's Play Area, Library",https://virtualtour9.com
Akshaya Abov,Navalur,59 Lakhs,2 BHK,2447 sq. ft.,"Sports Arena, Jogging Track, CCTV Surveillance",https://virtualtour5.com
Casa Grande Elita,Kelambakkam,78 Lakhs,3 BHK,1985 sq. ft.,"Sports Arena, Jogging Track, CCTV Surveillance",https://virtualtour8.com
DLF Gardencity,Navalur,52 Lakhs,2 BHK,2005 sq. ft.,"Sports Arena, Jogging Track, CCTV Surveillance",https://virtualtour3.com
Casagrand Supremus,Kelambakkam,73 Lakhs,2 BHK,1051 sq. ft.,"Sports Arena, Jogging Track, CCTV Surveillance",https://virtualtour9.com
L&T Eden Park,Thoraipakkam,110 Lakhs,1 BHK,2453 sq. ft.,"Gym, Swimming Pool, Clubhouse, Security",https://virtualtour4.com
Sobha Winchester,Kelambakkam,78 Lakhs,1 BHK,2085 sq. ft.,"Indoor Games, Children's Play Area, Library",https://virtualtour3.com
Sobha Winchester,Semmencherry,45 Lakhs,4 BHK,967 sq. ft.,"Indoor Games, Children's Play Area, Library",https://virtualtour9.com
Godrej Azure,Siruseri,48 Lakhs,1 BHK,1685 sq. ft.,"Gym, Swimming Pool, Clubhouse, Security",https://virtualtour10.com
DLF Gardencity,Semmencherry,68 Lakhs,2 BHK,2016 sq. ft.,"Yoga Deck, Multipurpose Hall, 24/7 Power Backup",https://virtualtour2.com
Godrej Azure,Kelambakkam,55 Lakhs,4 BHK,2481 sq. ft.,"Yoga Deck, Multipurpose Hall, 24/7 Power Backup",https://virtualtour10.com
The Metrozone,Padur,46 Lakhs,1 BHK,1520 sq. ft.,"Gym, Swimming Pool, Clubhouse, Security",https://virtualtour9.com
Olympia Opaline,Siruseri,104 Lakhs,3 BHK,2398 sq. ft.,"Gym, Swimming Pool, Clubhouse, Security",https://virtualtour2.com
The Metrozone,Padur,109 Lakhs,2 BHK,2191 sq. ft.,"Indoor Games, Children's Play Area, Library",https://virtualtour2.com
Baashyaam Pinnacle Crest,Perungudi,61 Lakhs,1 BHK,977 sq. ft.,"Indoor Games, Children's Play Area, Library",https://virtualtour7.com
DLF Gardencity,Perungudi,106 Lakhs,1 BHK,2328 sq. ft.,"Playground, Parking, Garden",https://virtualtour2.com
XS Real Siena,Sholinganallur,59 Lakhs,1 BHK,937 sq. ft.,"Yoga Deck, Multipurpose Hall, 24/7 Power Backup",https://virtualtour9.com
Godrej Azure,Siruseri,100 Lakhs,4 BHK,899 sq. ft.,"Sports Arena, Jogging Track, CCTV Surveillance",https://virtualtour10.com
Godrej Azure,Thoraipakkam,53 Lakhs,4 BHK,945 sq. ft.,"Sports Arena, Jogging Track, CCTV Surveillance",https://virtualtour8.com
The Metrozone,Semmencherry,87 Lakhs,1 BHK,953 sq. ft.,"Sports Arena, Jogging Track, CCTV Surveillance",https://virtualtour1.com
Radiance Ivy Terrace,Perungudi,61 Lakhs,4 BHK,1155 sq. ft.,"Indoor Games, Children's Play Area, Library",https://virtualtour9.com
DLF Gardencity,Padur,50 Lakhs,2 BHK,2094 sq. ft.,"Yoga Deck, Multipurpose Hall, 24/7 Power Backup",https://virtualtour5.com
Mantri Synergy,Kelambakkam,57 Lakhs,1 BHK,913 sq. ft.,"Gym, Swimming Pool, Clubhouse, Security",https://virtualtour1.com
Lancor TCP Altura,Uthandi,91 Lakhs,3 BHK,2112 sq. ft.,"Gym, Swimming Pool, Clubhouse, Security",https://virtualtour5.com
Purva Skycondos,Siruseri,95 Lakhs,1 BHK,1182 sq. ft.,"Gym, Swimming Pool, Clubhouse, Security",https://virtualtour4.com
Mantri Synergy,Karapakkam,49 Lakhs,2 BHK,2177 sq. ft.,"Yoga Deck, Multipurpose Hall, 24/7 Power Backup",https://virtualtour1.com
Lancor TCP Altura,Karapakkam,81 Lakhs,3 BHK,1876 sq. ft.,"Playground, Parking, Garden",https://virtualtour6.com
Baashyaam Pinnacle Crest,Padur,83 Lakhs,2 BHK,2270 sq. ft.,"Indoor Games, Children's Play Area, Library",https://virtualtour2.com
Mantri Synergy,Thoraipakkam,99 Lakhs,4 BHK,2071 sq. ft.,"Indoor Games, Children's Play Area, Library",https://virtualtour9.com
Casa Grande Elita,Semmencherry,53 Lakhs,4 BHK,2364 sq. ft.,"Sports Arena, Jogging Track, CCTV Surveillance",https://virtualtour5.com
Adroit District S,Karapakkam,116 Lakhs,3 BHK,1756 sq. ft.,"Sports Arena, Jogging Track, CCTV Surveillance",https://virtualtour1.com
Prestige Courtyards,Navalur,57 Lakhs,1 BHK,1831 sq. ft.,"Indoor Games, Children's Play Area, Library",https://virtualtour9.com
Casa Grande Elita,Semmencherry,80 Lakhs,4 BHK,1132 sq. ft.,"Sports Arena, Jogging Track, CCTV Surveillance",https://virtualtour2.com
DLF Gardencity,Padur,97 Lakhs,2 BHK,1783 sq. ft.,"Playground, Parking, Garden",https://virtualtour4.com
The Metrozone,Uthandi,64 Lakhs,3 BHK,1330 sq. ft.,"Playground, Parking, Garden",https://virtualtour9.com
Adroit District S,Padur,102 Lakhs,2 BHK,2252 sq. ft.,"Gym, Swimming Pool, Clubhouse, Security",https://virtualtour4.com
Lancor TCP Altura,Semmencherry,75 Lakhs,4 BHK,1679 sq. ft.,"Gym, Swimming Pool, Clubhouse, Security",https://virtualtour2.com
The Metrozone,Perungudi,56 Lakhs,3 BHK,1322 sq. ft.,"Playground, Parking, Garden",https://virtualtour1.com
Lancor TCP Altura,Karapakkam,100 Lakhs,2 BHK,1545 sq. ft.,"Yoga Deck, Multipurpose Hall, 24/7 Power Backup",https://virtualtour8.com
Prestige Courtyards,Kelambakkam,97 Lakhs,3 BHK,1885 sq. ft.,"Gym, Swimming Pool, Clubhouse, Security",https://virtualtour1.com
DLF Gardencity,Siruseri,50 Lakhs,4 BHK,1033 sq. ft.,"Gym, Swimming Pool, Clubhouse, Security",https://virtualtour5.com
Olympia Opaline,Perungudi,65 Lakhs,3 BHK,1433 sq. ft.,"Indoor Games, Children's Play Area, Library",https://virtualtour6.com
L&T Eden Park,Karapakkam,111 Lakhs,2 BHK,1639 sq. ft.,"Playground, Parking, Garden",https://virtualtour5.com
Baashyaam Pinnacle Crest,Siruseri,75 Lakhs,2 BHK,1041 sq. ft.,"Gym, Swimming Pool, Clubhouse, Security",https://virtualtour4.com
Hiranandani Anchorage,Navalur,64 Lakhs,1 BHK,2459 sq. ft.,"Sports Arena, Jogging Track, CCTV Surveillance",https://virtualtour5.com
Mantri Synergy,Siruseri,105 Lakhs,3 BHK,2102 sq. ft.,"Yoga Deck, Multipurpose Hall, 24/7 Power Backup",https://virtualtour6.com
Prestige Courtyards,Karapakkam,90 Lakhs,4 BHK,1367 sq. ft.,"Gym, Swimming Pool, Clubhouse, Security",https://virtualtour1.com
Radiance Ivy Terrace,Thoraipakkam,95 Lakhs,3 BHK,2351 sq. ft.,"Yoga Deck, Multipurpose Hall, 24/7 Power Backup",https://virtualtour5.com
Hiranandani Anchorage,Karapakkam,66 Lakhs,2 BHK,2437 sq. ft.,"Indoor Games, Children's Play Area, Library",https://virtualtour5.com
Baashyaam Pinnacle Crest,Kelambakkam,52 Lakhs,3 BHK,2403 sq. ft.,"Gym, Swimming Pool, Clubhouse, Security",https://virtualtour10.com
Casa Grande Elita,Semmencherry,92 Lakhs,2 BHK,1297 sq. ft.,"Indoor Games, Children's Play Area, Library",https://virtualtour1.com
The Metrozone,Uthandi,53 Lakhs,4 BHK,1111 sq. ft.,"Playground, Parking, Garden",https://virtualtour8.com
Sobha Winchester,Perungudi,71 Lakhs,1 BHK,863 sq. ft.,"Playground, Parking, Garden",https://virtualtour3.com
Prestige Courtyards,Semmencherry,100 Lakhs,3 BHK,1411 sq. ft.,"Playground, Parking, Garden",https://virtualtour5.com
Adroit District S,Siruseri,86 Lakhs,2 BHK,1432 sq. ft.,"Indoor Games, Children's Play Area, Library",https://virtualtour2.com
L&T Eden Park,Siruseri,78 Lakhs,4 BHK,930 sq. ft.,"Playground, Parking, Garden",https://virtualtour3.com
Godrej Azure,Navalur,63 Lakhs,2 BHK,1681 sq. ft.,"Indoor Games, Children's Play Area, Library",https://virtualtour6.com
Hiranandani Anchorage,Semmencherry,63 Lakhs,1 BHK,1583 sq. ft.,"Indoor Games, Children's Play Area, Library",https://virtualtour3.com
Sobha Winchester,Sholinganallur,106 Lakhs,2 BHK,1726 sq. ft.,"Playground, Parking, Garden",https://virtualtour9.com
Mantri Synergy,Navalur,93 Lakhs,4 BHK,1376 sq. ft.,"Gym, Swimming Pool, Clubhouse, Security",https://virtualtour10.com
Nova Meridian,Semmencherry,65 Lakhs,1 BHK,1975 sq. ft.,"Sports Arena, Jogging Track, CCTV Surveillance",https://virtualtour1.com
Akshaya Abov,Thoraipakkam,92 Lakhs,3 BHK,1685 sq. ft.,"Indoor Games, Children's Play Area, Library",https://virtualtour4.com
Nova Meridian,Thoraipakkam,89 Lakhs,1 BHK,2043 sq. ft.,"Playground, Parking, Garden",https://virtualtour5.com
Casa Grande Elita,Kelambakkam,108 Lakhs,2 BHK,1162 sq. ft.,"Playground, Parking, Garden",https://virtualtour3.com
Mantri Synergy,Padur,95 Lakhs,1 BHK,1929 sq. ft.,"Yoga Deck, Multipurpose Hall, 24/7 Power Backup",https://virtualtour7.com
Radiance Ivy Terrace,Thoraipakkam,62 Lakhs,2 BHK,2262 sq. ft.,"Indoor Games, Children's Play Area, Library",https://virtualtour6.com
Godrej Azure,Thoraipakkam,64 Lakhs,3 BHK,852 sq. ft.,"Indoor Games, Children's Play Area, Library",https://virtualtour5.com
Purva Skycondos,Thoraipakkam,77 Lakhs,4 BHK,991 sq. ft.,"Yoga Deck, Multipurpose Hall, 24/7 Power Backup",https://virtualtour5.com
Prestige Courtyards,Uthandi,90 Lakhs,2 BHK,1592 sq. ft.,"Sports Arena, Jogging Track, CCTV Surveillance",https://virtualtour4.com
Mantri Synergy,Kelambakkam,61 Lakhs,4 BHK,1205 sq. ft.,"Playground, Parking, Garden",https://virtualtour2.com
Hiranandani Anchorage,Karapakkam,56 Lakhs,4 BHK,1308 sq. ft.,"Sports Arena, Jogging Track, CCTV Surveillance",https://virtualtour2.com
Akshaya Abov,Sholinganallur,90 Lakhs,4 BHK,1641 sq. ft.,"Yoga Deck, Multipurpose Hall, 24/7 Power Backup",https://virtualtour3.com
Purva Skycondos,Sholinganallur,66 Lakhs,2 BHK,988 sq. ft.,"Yoga Deck, Multipurpose Hall, 24/7 Power Backup",https://virtualtour4.com
TVH Ouranya Bay,Siruseri,58 Lakhs,4 BHK,864 sq. ft.,"Gym, Swimming Pool, Clubhouse, Security",https://virtualtour8.com
L&T Eden Park,Karapakkam,120 Lakhs,3 BHK,1805 sq. ft.,"Playground, Parking, Garden",https://virtualtour10.com
Baashyaam Pinnacle Crest,Padur,114 Lakhs,1 BHK,851 sq. ft.,"Gym, Swimming Pool, Clubhouse, Security",https://virtualtour3.com
Radiance Ivy Terrace,Siruseri,111 Lakhs,1 BHK,2194 sq. ft.,"Indoor Games, Children's Play Area, Library",https://virtualtour5.com
The Metrozone,Karapakkam,57 Lakhs,4 BHK,1169 sq. ft.,"Sports Arena, Jogging Track, CCTV Surveillance",https://virtualtour5.com
The Metrozone,Karapakkam,89 Lakhs,1 BHK,1325 sq. ft.,"Gym, Swimming Pool, Clubhouse, Security",https://virtualtour5.com
Nova Meridian,Kelambakkam,46 Lakhs,3 BHK,2322 sq. ft.,"Sports Arena, Jogging Track, CCTV Surveillance",https://virtualtour6.com
Nova Meridian,Siruseri,82 Lakhs,3 BHK,1934 sq. ft.,"Indoor Games, Children's Play Area, Library",https://virtualtour4.com
Prestige Courtyards,Karapakkam,111 Lakhs,3 BHK,1072 sq. ft.,"Playground, Parking, Garden",https://virtualtour5.com
Olympia Opaline,Siruseri,108 Lakhs,2 BHK,1266 sq. ft.,"Indoor Games, Children's Play Area, Library",https://virtualtour9.com
Olympia Opaline,Perungudi,114 Lakhs,2 BHK,1505 sq. ft.,"Yoga Deck, Multipurpose Hall, 24/7 Power Backup",https://virtualtour3.com
TVH Ouranya Bay,Perungudi,53 Lakhs,3 BHK,1581 sq. ft.,"Indoor Games, Children's Play Area, Library",https://virtualtour3.com
Lancor TCP Altura,Sholinganallur,72 Lakhs,4 BHK,2102 sq. ft.,"Playground, Parking, Garden",https://virtualtour1.com
Mantri Synergy,Perungudi,104 Lakhs,3 BHK,922 sq. ft.,"Indoor Games, Children's Play Area, Library",https://virtualtour4.com
Adroit District S,Navalur,110 Lakhs,4 BHK,1541 sq. ft.,"Yoga Deck, Multipurpose Hall, 24/7 Power Backup",https://virtualtour4.com
L&T Eden Park,Uthandi,89 Lakhs,4 BHK,1122 sq. ft.,"Yoga Deck, Multipurpose Hall, 24/7 Power Backup",https://virtualtour1.com
Casa Grande Elita,Semmencherry,96 Lakhs,3 BHK,1348 sq. ft.,"Yoga Deck, Multipurpose Hall, 24/7 Power Backup",https://virtualtour6.com
Akshaya Abov,Padur,65 Lakhs,2 BHK,1874 sq. ft.,"Playground, Parking, Garden",https://virtualtour1.com
L&T Eden Park,Semmencherry,45 Lakhs,4 BHK,1351 sq. ft.,"Yoga Deck, Multipurpose Hall, 24/7 Power Backup",https://virtualtour2.com
Nova Meridian,Karapakkam,118 Lakhs,3 BHK,1856 sq. ft.,"Sports Arena, Jogging Track, CCTV Surveillance",https://virtualtour3.com
XS Real Siena,Padur,64 Lakhs,1 BHK,1464 sq. ft.,"Gym, Swimming Pool, Clubhouse, Security",https://virtualtour1.com
L&T Eden Park,Semmencherry,46 Lakhs,3 BHK,2325 sq. ft.,"Indoor Games, Children's Play Area, Library",https://virtualtour2.com
The Metrozone,Karapakkam,60 Lakhs,2 BHK,1266 sq. ft.,"Gym, Swimming Pool, Clubhouse, Security",https://virtualtour2.com
Adroit District S,Thoraipakkam,79 Lakhs,3 BHK,2458 sq. ft.,"Sports Arena, Jogging Track, CCTV Surveillance",https://virtualtour9.com
The Metrozone,Karapakkam,117 Lakhs,4 BHK,1156 sq. ft.,"Yoga Deck, Multipurpose Hall, 24/7 Power Backup",https://virtualtour1.com
Prestige Courtyards,Semmencherry,115 Lakhs,4 BHK,1721 sq. ft.,"Playground, Parking, Garden",https://virtualtour6.com
Akshaya Abov,Semmencherry,60 Lakhs,3 BHK,853 sq. ft.,"Sports Arena, Jogging Track, CCTV Surveillance",https://virtualtour1.com
Sobha Winchester,Thoraipakkam,60 Lakhs,4 BHK,1076 sq. ft.,"Yoga Deck, Multipurpose Hall, 24/7 Power Backup",https://virtualtour10.com
Hiranandani Anchorage,Perungudi,91 Lakhs,2 BHK,2493 sq. ft.,"Gym, Swimming Pool, Clubhouse, Security",https://virtualtour9.com
Godrej Azure,Kelambakkam,97 Lakhs,3 BHK,1114 sq. ft.,"Sports Arena, Jogging Track, CCTV Surveillance",https://virtualtour10.com
Adroit District S,Uthandi,85 Lakhs,4 BHK,1229 sq. ft.,"Gym, Swimming Pool, Clubhouse, Security",https://virtualtour7.com
The Metrozone,Padur,89 Lakhs,2 BHK,1708 sq. ft.,"Indoor Games, Children's Play Area, Library",https://virtualtour5.com
Hiranandani Anchorage,Siruseri,91 Lakhs,3 BHK,1969 sq. ft.,"Gym, Swimming Pool, Clubhouse, Security",https://virtualtour4.com
Purva Skycondos,Kelambakkam,117 Lakhs,2 BHK,1988 sq. ft.,"Playground, Parking, Garden",https://virtualtour10.com
Lancor TCP Altura,Sholinganallur,78 Lakhs,1 BHK,1134 sq. ft.,"Gym, Swimming Pool, Clubhouse, Security",https://virtualtour6.com
Godrej Azure,Sholinganallur,104 Lakhs,3 BHK,1823 sq. ft.,"Yoga Deck, Multipurpose Hall, 24/7 Power Backup",https://virtualtour4.com
The Metrozone,Siruseri,69 Lakhs,3 BHK,1437 sq. ft.,"Indoor Games, Children's Play Area, Library",https://virtualtour5.com
The Metrozone,Kelambakkam,117 Lakhs,1 BHK,898 sq. ft.,"Sports Arena, Jogging Track, CCTV Surveillance",https://virtualtour6.com
Hiranandani Anchorage,Perungudi,106 Lakhs,4 BHK,1950 sq. ft.,"Indoor Games, Children's Play Area, Library",https://virtualtour10.com
Adroit District S,Karapakkam,117 Lakhs,3 BHK,960 sq. ft.,"Yoga Deck, Multipurpose Hall, 24/7 Power Backup",https://virtualtour1.com
Mantri Synergy,Thoraipakkam,62 Lakhs,4 BHK,1699 sq. ft.,"Gym, Swimming Pool, Clubhouse, Security",https://virtualtour4.com
Hiranandani Anchorage,Sholinganallur,52 Lakhs,4 BHK,1440 sq. ft.,"Playground, Parking, Garden",https://virtualtour6.com
Lancor TCP Altura,Kelambakkam,46 Lakhs,2 BHK,1887 sq. ft.,"Indoor Games, Children's Play Area, Library",https://virtualtour4.com
XS Real Siena,Sholinganallur,86 Lakhs,4 BHK,877 sq. ft.,"Gym, Swimming Pool, Clubhouse, Security",https://virtualtour1.com
Godrej Azure,Kelambakkam,76 Lakhs,2 BHK,1742 sq. ft.,"Yoga Deck, Multipurpose Hall, 24/7 Power Backup",https://virtualtour3.com
